поз,обозначение,наименование,материал,толщина,кол,масса_ед,масса_всего
1,2-2186-0.00.01,Платик,Лист 16 ГОСТ 19903-2015; Ст3 ГОСТ 14637-89,16,6,170.7,1024.2
2,2-9313-0.00.02,Стойка,Лист 30 ГОСТ 19903-2015; Ст3 ГОСТ 14637-89,30,14,17.7,247.8
3,2-4943-0.00.03,Косынка,Лист 16 ГОСТ 19903-2015; Ст3 ГОСТ 14637-89,16,1,16.2,16.2
4,2-4657-0.00.04,Упор,Лист 30 ГОСТ 19903-2015; Ст3 ГОСТ 14637-89,30,14,76.9,1076.6
5,2-1812-0.00.05,Стойка,Лист 30 ГОСТ 19903-2015; 09Г2С ГОСТ 19281-2014,30,22,170.6,3753.2
6,2-7867-0.00.06,Планка,Лист 8 ГОСТ 19903-2015; 09Г2С ГОСТ 19281-2014,8,1,100.6,100.6
7,2-2688-0.00.07,Подкладка,Лист 12 ГОСТ 19903-2015; Ст3 ГОСТ 14637-89,12,14,21.9,306.6
8,2-9974-0.00.08,Распорка,Лист 14 ГОСТ 19903-2015; Ст3 ГОСТ 14637-89,14,22,115.3,2536.6
9,2-9133-0.00.09,Упор,Лист 30 ГОСТ 19903-2015; Ст3 ГОСТ 14637-89,30,1,101.9,101.9
10,2-8424-0.00.10,Опора,Лист 14 ГОСТ 19903-2015; 09Г2С ГОСТ 19281-2014,14,14,77.4,1083.6
11,2-2341-0.00.11,Подкладка,Лист 8 ГОСТ 19903-2015; Ст3 ГОСТ 14637-89,8,4,45.3,181.2
12,2-5717-0.00.12,Подкладка,Лист 14 ГОСТ 19903-2015; 09Г2С ГОСТ 19281-2014,14,4,94.9,379.6
13,2-6604-0.00.13,Планка,Лист 16 ГОСТ 19903-2015; Ст3 ГОСТ 14637-89,16,1,22.0,22.0
14,2-6140-0.00.14,Опора,Лист 40 ГОСТ 19903-2015; Ст3 ГОСТ 14637-89,40,10,76.4,764.0
15,2-2126-0.00.15,Платик,Лист 30 ГОСТ 19903-2015; 09Г2С ГОСТ 19281-2014,30,6,107.3,643.8
16,2-1994-0.00.16,Распорка,Лист 20 ГОСТ 19903-2015; Ст3 ГОСТ 14637-89,20,1,170.1,170.1
17,2-5662-0.00.17,Распорка,Лист 40 ГОСТ 19903-2015; 09Г2С ГОСТ 19281-2014,40,4,116.8,467.2
18,2-8564-0.00.18,Опора,Лист 14 ГОСТ 19903-2015; Ст3 ГОСТ 14637-89,14,8,159.8,1278.4
19,2-4575-0.00.19,Стяжка,Лист 20 ГОСТ 19903-2015; Ст3 ГОСТ 14637-89,20,2,110.3,220.6
20,2-7405-0.00.20,Платик,Лист 10 ГОСТ 19903-2015; 09Г2С ГОСТ 19281-2014,10,4,24.0,96.0
21,2-5552-0.00.21,Планка,Лист 20 ГОСТ 19903-2015; 09Г2С ГОСТ 19281-2014,20,10,15.2,152.0
22,2-6878-0.00.22,Упор,Лист 12 ГОСТ 19903-2015; 09Г2С ГОСТ 19281-2014,12,8,155.6,1244.8
23,2-3887-0.00.23,Планка,Лист 8 ГОСТ 19903-2015; Ст3 ГОСТ 14637-89,8,8,172.4,1379.2
24,2-3987-0.00.24,Кронштейн,Лист 4 ГОСТ 19903-2015; 09Г2С ГОСТ 19281-2014,4,2,118.8,237.6
25,2-6220-0.00.25,Планка,Лист 16 ГОСТ 19903-2015; 09Г2С ГОСТ 19281-2014,16,4,1.5,6.0
26,2-8481-0.00.26,Платик,Лист 40 ГОСТ 19903-2015; Ст3 ГОСТ 14637-89,40,14,171.1,2395.4
27,2-2696-0.00.27,Связь,Лист 16 ГОСТ 19903-2015; 09Г2С ГОСТ 19281-2014,16,14,71.1,995.4
28,2-8219-0.00.28,Планка,Лист 6 ГОСТ 19903-2015; Ст3 ГОСТ 14637-89,6,8,12.0,96.0
29,2-1003-0.00.29,Подкладка,Лист 4 ГОСТ 19903-2015; Ст3 ГОСТ 14637-89,4,1,61.7,61.7
30,2-2152-0.00.30,Платик,Лист 14 ГОСТ 19903-2015; Ст3 ГОСТ 14637-89,14,2,97.0,194.0
31,2-6691-0.00.31,Подкладка,Лист 8 ГОСТ 19903-2015; 09Г2С ГОСТ 19281-2014,8,2,110.8,221.6
32,2-8634-0.00.32,Связь,Лист 6 ГОСТ 19903-2015; 09Г2С ГОСТ 19281-2014,6,6,85.8,514.8
33,2-6613-0.00.33,Распорка,Лист 8 ГОСТ 19903-2015; Ст3 ГОСТ 14637-89,8,10,56.7,567.0
34,2-9459-0.00.34,Ребро,Лист 50 ГОСТ 19903-2015; Ст3 ГОСТ 14637-89,50,4,86.6,346.4
35,2-3401-0.00.35,Распорка,Лист 25 ГОСТ 19903-2015; 09Г2С ГОСТ 19281-2014,25,2,171.2,342.4
36,2-2491-0.00.36,Распорка,Лист 25 ГОСТ 19903-2015; 09Г2С ГОСТ 19281-2014,25,14,164.6,2304.4
37,2-4650-0.00.37,Лист опорный,Лист 8 ГОСТ 19903-2015; 09Г2С ГОСТ 19281-2014,8,4,93.7,374.8
38,2-4197-0.00.38,Стяжка,Лист 14 ГОСТ 19903-2015; Ст3 ГОСТ 14637-89,14,14,140.4,1965.6
39,2-4275-0.00.39,Лист опорный,Лист 50 ГОСТ 19903-2015; Ст3 ГОСТ 14637-89,50,2,147.4,294.8
40,2-5577-0.00.40,Связь,Лист 4 ГОСТ 19903-2015; Ст3 ГОСТ 14637-89,4,10,64.5,645.0
41,2-8327-0.00.41,Стяжка,Лист 30 ГОСТ 19903-2015; 09Г2С ГОСТ 19281-2014,30,4,35.5,142.0
42,2-4612-0.00.42,Косынка,Лист 14 ГОСТ 19903-2015; Ст3 ГОСТ 14637-89,14,6,171.9,1031.4
43,2-8907-0.00.43,Подкладка,Лист 14 ГОСТ 19903-2015; Ст3 ГОСТ 14637-89,14,2,85.0,170.0
44,2-2389-0.00.44,Платик,Лист 20 ГОСТ 19903-2015; 09Г2С ГОСТ 19281-2014,20,22,151.4,3330.8
45,2-8832-0.00.45,Планка,Лист 50 ГОСТ 19903-2015; Ст3 ГОСТ 14637-89,50,1,163.8,163.8
46,2-7485-0.00.46,Связь,Лист 14 ГОСТ 19903-2015; Ст3 ГОСТ 14637-89,14,8,142.2,1137.6
47,2-3785-0.00.47,Планка,Лист 6 ГОСТ 19903-2015; Ст3 ГОСТ 14637-89,6,8,134.0,1072.0
48,2-8771-0.00.48,Упор,Лист 20 ГОСТ 19903-2015; Ст3 ГОСТ 14637-89,20,1,27.9,27.9
